Price,Close,High,Low,Open,Volume
Ticker,SLV,SLV,SLV,SLV,SLV
Date,,,,,
2010-01-01,17.889999389648438,18.020000457763672,17.020000457763672,17.049999237060547,49673300
2010-01-08,18.309999465942383,18.450000762939453,17.809999465942383,18.139999389648438,68731300
2010-01-15,17.06999969482422,18.450000762939453,17.010000228881836,18.190000534057617,52317300
2010-01-22,15.920000076293945,16.860000610351562,15.699999809265137,16.829999923706055,77963900
2010-01-29,15.039999961853027,16.469999313354492,15.010000228881836,15.869999885559082,79319500
2010-02-05,15.369999885559082,15.460000038146973,14.369999885559082,14.869999885559082,81495700
2010-02-12,15.880000114440918,15.979999542236328,14.930000305175781,15.050000190734863,49099400
2010-02-19,15.770000457763672,16.200000762939453,15.350000381469727,15.84000015258789,50784700
2010-02-26,16.790000915527344,17.020000457763672,15.819999694824219,15.920000076293945,55665400
2010-03-05,16.809999465942383,17.309999465942383,16.559999465942383,16.940000534057617,46872800
2010-03-12,17.079999923706055,17.200000762939453,16.6299991607666,16.84000015258789,34195700
2010-03-19,16.31999969482422,17.040000915527344,16.25,16.649999618530273,45663600
2010-03-26,17.540000915527344,17.639999389648438,16.350000381469727,16.479999542236328,43021400
2010-04-02,17.719999313354492,17.899999618530273,17.559999465942383,17.6200008392334,28629600
2010-04-09,18.06999969482422,18.170000076293945,17.59000015258789,17.93000030517578,44619100
2010-04-16,17.639999389648438,17.959999084472656,17.25,17.8700008392334,35295500
2010-04-23,18.139999389648438,18.209999084472656,17.479999542236328,17.56999969482422,50084700
2010-04-30,17.31999969482422,18.5,16.729999542236328,18.350000381469727,79468600
2010-05-07,18.989999771118164,19.440000534057617,17.1200008392334,17.360000610351562,101101400
2010-05-14,17.350000381469727,19.25,17.15999984741211,19.229999542236328,85408600
2010-05-21,18.1200008392334,18.200000762939453,17.049999237060547,17.18000030517578,48240700
2010-05-28,17.639999389648438,18.350000381469727,17.459999084472656,18.040000915527344,34461100
2010-06-04,17.860000610351562,18.110000610351562,16.940000534057617,17.280000686645508,54936500
2010-06-11,18.329999923706055,18.489999771118164,17.709999084472656,17.969999313354492,29488800
2010-06-18,18.260000228881836,18.940000534057617,17.950000762939453,18.700000762939453,38598400
2010-06-25,17.440000534057617,18.850000381469727,17.360000610351562,18.520000457763672,47321000
2010-07-02,17.610000610351562,17.709999084472656,17.239999771118164,17.549999237060547,28665900
2010-07-09,17.950000762939453,18.100000381469727,17.399999618530273,17.700000762939453,28708900
2010-07-16,17.709999084472656,17.809999465942383,17.06999969482422,17.56999969482422,40526300
2010-07-23,17.239999771118164,17.860000610351562,17.059999465942383,17.799999237060547,32555900
2010-07-30,17.959999084472656,18.299999237060547,17.3799991607666,17.479999542236328,34943900
2010-08-06,17.690000534057617,18.190000534057617,17.43000030517578,18.09000015258789,24855700
2010-08-13,17.920000076293945,18.229999542236328,17.579999923706055,17.700000762939453,27180600
2010-08-20,18.59000015258789,18.75,17.479999542236328,17.719999313354492,49196400
2010-08-27,19.280000686645508,19.290000915527344,18.549999237060547,18.729999542236328,37748500
2010-09-03,19.31999969482422,19.6299991607666,19.100000381469727,19.18000030517578,40655200
2010-09-10,20.350000381469727,20.389999389648438,19.360000610351562,19.450000762939453,49611700
2010-09-17,20.65999984741211,20.799999237060547,20.059999465942383,20.360000610351562,68323400
2010-09-24,21.309999465942383,21.56999969482422,20.729999542236328,20.920000076293945,65629700
2010-10-01,22.020000457763672,22.8799991607666,21.420000076293945,21.520000457763672,92259300
2010-10-08,24.030000686645508,24.059999465942383,22.209999084472656,22.270000457763672,90637100
2010-10-15,22.59000015258789,24.010000228881836,22.520000457763672,23.989999771118164,114262500
2010-10-22,23.43000030517578,23.5,22.559999465942383,22.68000030517578,67054600
2010-10-29,25.6299991607666,25.690000534057617,23.40999984741211,23.56999969482422,130020900
2010-11-05,27.110000610351562,28.719999313354492,25.5,25.579999923706055,331190800
2010-11-12,26.350000381469727,26.729999542236328,24.440000534057617,26.56999969482422,192387900
2010-11-19,26.940000534057617,27.219999313354492,25.780000686645508,26.020000457763672,98080900
2010-11-26,27.93000030517578,28.3799991607666,25.90999984741211,26.049999237060547,125953000
2010-12-03,28.030000686645508,30.0,27.34000015258789,28.329999923706055,251283400
2010-12-10,28.280000686645508,29.149999618530273,27.3799991607666,27.799999237060547,143364400
2010-12-17,28.610000610351562,28.860000610351562,28.020000457763672,28.270000457763672,74518100
2010-12-24,29.760000228881836,30.079999923706055,28.43000030517578,28.559999465942383,66652800
2010-12-31,28.420000076293945,30.440000534057617,27.90999984741211,29.93000030517578,149669800
2011-01-07,28.0,29.020000457763672,27.860000610351562,28.229999542236328,113582900
2011-01-14,26.850000381469727,28.770000457763672,26.770000457763672,27.979999542236328,122897900
2011-01-21,26.290000915527344,27.110000610351562,26.030000686645508,26.610000610351562,124870500
2011-01-28,28.290000915527344,28.34000015258789,26.110000610351562,26.1299991607666,120181400
2011-02-04,29.459999084472656,29.799999237060547,28.09000015258789,28.329999923706055,99410700
2011-02-11,31.030000686645508,31.059999465942383,29.020000457763672,29.420000076293945,103374400
2011-02-18,31.200000762939453,33.0,30.959999084472656,31.079999923706055,177311900
2011-02-25,33.41999816894531,34.18000030517578,31.809999465942383,32.099998474121094,167628400
2011-03-04,34.36000061035156,35.779998779296875,33.83000183105469,33.86000061035156,198366800
2011-03-11,33.5099983215332,35.41999816894531,33.0099983215332,33.400001525878906,161794800
2011-03-18,36.119998931884766,37.2599983215332,34.060001373291016,34.130001068115234,144488200
2011-03-25,36.77000045776367,37.04999923706055,35.7400016784668,36.61000061035156,120578200
2011-04-01,38.72999954223633,38.81999969482422,36.18000030517578,36.400001525878906,135328500
2011-04-08,41.06999969482422,41.08000183105469,38.72999954223633,39.29999923706055,276822500
2011-04-15,45.540000915527344,45.56999969482422,41.150001525878906,41.40999984741211,361766500
2011-04-22,47.2599983215332,48.349998474121094,43.54999923706055,46.97999954223633,651988800
2011-04-29,33.720001220703125,47.97999954223633,33.58000183105469,47.619998931884766,989665300
2011-05-06,33.31999969482422,37.900001525878906,31.969999313354492,33.93000030517578,728616400
2011-05-13,34.2599983215332,34.939998626708984,32.189998626708984,34.43000030517578,394457700
2011-05-20,36.5099983215332,37.06999969482422,33.380001068115234,33.970001220703125,254707500
2011-05-27,35.290000915527344,37.720001220703125,34.68000030517578,37.06999969482422,182395100
2011-06-03,36.66999816894531,36.709999084472656,34.61000061035156,34.72999954223633,169321300
2011-06-10,34.650001525878906,35.959999084472656,33.689998626708984,35.7599983215332,174582900
2011-06-17,34.369998931884766,35.849998474121094,33.779998779296875,34.4900016784668,126485100
2011-06-24,33.84000015258789,34.18000030517578,32.529998779296875,33.95000076293945,131755700
2011-07-01,35.5,35.720001220703125,32.61000061035156,33.060001373291016,94714400
2011-07-08,37.40999984741211,38.369998931884766,34.02000045776367,35.849998474121094,204023900
2011-07-15,38.310001373291016,39.689998626708984,37.22999954223633,37.540000915527344,237393200
2011-07-22,38.7599983215332,40.349998474121094,38.310001373291016,38.849998474121094,176402600
2011-07-29,37.61000061035156,41.189998626708984,37.11000061035156,39.209999084472656,248505900
2011-08-05,37.79999923706055,38.599998474121094,36.040000915527344,38.349998474121094,273298300
2011-08-12,39.65999984741211,39.869998931884766,37.29999923706055,37.459999084472656,111403400
2011-08-19,40.0,42.779998779296875,38.04999923706055,41.25,253784200
2011-08-26,40.52000045776367,40.95000076293945,39.08000183105469,39.9900016784668,117958300
2011-09-02,41.220001220703125,42.29999923706055,39.209999084472656,41.79999923706055,106277800
2011-09-09,38.790000915527344,41.22999954223633,38.29999923706055,40.529998779296875,119266900
2011-09-16,34.91999816894531,39.84000015258789,34.5099983215332,38.97999954223633,148548400
2011-09-23,29.959999084472656,32.619998931884766,27.40999984741211,31.799999237060547,331332000
2011-09-30,31.200000762939453,31.360000610351562,27.899999618530273,29.56999969482422,169524000
2011-10-07,30.940000534057617,31.959999084472656,29.8799991607666,31.459999084472656,100633000
2011-10-14,29.729999542236328,31.6299991607666,29.139999389648438,31.31999969482422,109504100
2011-10-21,34.099998474121094,34.439998626708984,30.1299991607666,30.450000762939453,130343900
2011-10-28,33.619998931884766,34.38999938964844,31.5,34.25,106816300
2011-11-04,33.13999938964844,34.38999938964844,32.22999954223633,33.290000915527344,88180300
2011-11-11,30.639999389648438,33.900001525878906,30.209999084472656,33.20000076293945,88434000
2011-11-18,30.93000030517578,32.16999816894531,29.829999923706055,31.06999969482422,89690900
2011-11-25,31.860000610351562,32.529998779296875,30.18000030517578,30.260000228881836,74208400
2011-12-02,30.700000762939453,32.43000030517578,30.520000457763672,32.38999938964844,81834000
2011-12-09,28.219999313354492,31.459999084472656,27.700000762939453,31.059999465942383,125943900
2011-12-16,28.360000610351562,28.989999771118164,27.899999618530273,28.65999984741211,69337800
2011-12-23,27.06999969482422,28.610000610351562,25.649999618530273,28.56999969482422,72239400
2011-12-30,28.510000228881836,28.920000076293945,26.860000610351562,27.239999771118164,82038800
2012-01-06,29.309999465942383,29.84000015258789,27.829999923706055,28.579999923706055,84773400
2012-01-13,29.739999771118164,29.809999465942383,28.6299991607666,28.940000534057617,54616800
2012-01-20,32.43000030517578,32.869998931884766,29.59000015258789,29.700000762939453,120442900
2012-01-27,33.36000061035156,33.45000076293945,32.02000045776367,32.47999954223633,91491600
2012-02-03,32.900001525878906,33.470001220703125,32.369998931884766,32.959999084472656,89119500
2012-02-10,32.56999969482422,32.90999984741211,31.81999969482422,32.54999923706055,62844900
2012-02-17,34.400001525878906,34.61000061035156,32.130001068115234,32.650001525878906,86302000
2012-02-24,34.439998626708984,36.439998626708984,32.900001525878906,34.43000030517578,189550700
2012-03-02,32.849998474121094,34.060001373291016,31.540000915527344,33.95000076293945,115753500
2012-03-09,31.530000686645508,33.439998626708984,30.729999542236328,32.439998626708984,115876700
2012-03-16,30.540000915527344,32.13999938964844,30.209999084472656,31.649999618530273,81452200
2012-03-23,31.350000381469727,32.18000030517578,30.719999313354492,30.860000610351562,72094300
2012-03-30,30.719999313354492,32.34000015258789,30.110000610351562,31.579999923706055,85443800
2012-04-06,31.420000076293945,31.639999389648438,30.229999542236328,30.790000915527344,48676600
2012-04-13,30.799999237060547,31.299999237060547,30.389999389648438,31.280000686645508,56771400
2012-04-20,30.18000030517578,30.850000381469727,29.09000015258789,30.770000457763672,66827600
2012-04-27,29.290000915527344,30.520000457763672,28.989999771118164,30.479999542236328,51198800
2012-05-04,28.25,29.579999923706055,27.969999313354492,29.190000534057617,77064900
2012-05-11,27.239999771118164,28.270000457763672,25.989999771118164,27.719999313354492,87894400
2012-05-18,27.440000534057617,28.09000015258789,26.329999923706055,27.6299991607666,73472900
2012-05-25,26.959999084472656,27.860000610351562,26.59000015258789,27.440000534057617,42866500
2012-06-01,27.790000915527344,29.020000457763672,27.170000076293945,27.469999313354492,84201000
2012-06-08,27.81999969482422,28.260000228881836,27.31999969482422,27.31999969482422,49138500
2012-06-15,26.1200008392334,27.979999542236328,26.059999465942383,27.81999969482422,70586200
2012-06-22,25.6299991607666,26.84000015258789,25.34000015258789,25.979999542236328,55902300
2012-06-29,26.8799991607666,27.600000381469727,26.399999618530273,26.709999084472656,38749100
2012-07-06,26.350000381469727,26.690000534057617,25.729999542236328,26.43000030517578,47658100
2012-07-13,26.420000076293945,26.75,25.979999542236328,26.43000030517578,38663400
2012-07-20,26.709999084472656,26.93000030517578,25.81999969482422,26.09000015258789,40249000
2012-07-27,26.309999465942383,27.389999389648438,26.1299991607666,26.81999969482422,54611100
2012-08-03,27.290000915527344,27.40999984741211,26.479999542236328,26.540000915527344,30742400
2012-08-10,27.3700008392334,27.479999542236328,26.8700008392334,26.979999542236328,28330300
2012-08-17,29.600000381469727,29.8799991607666,27.170000076293945,27.43000030517578,72111300
2012-08-24,29.440000534057617,30.239999771118164,29.280000686645508,29.56999969482422,52605200
2012-08-31,31.670000076293945,31.940000534057617,29.31999969482422,29.799999237060547,70273800
2012-09-07,33.61000061035156,33.75,31.459999084472656,32.369998931884766,98272000
2012-09-14,33.58000183105469,33.970001220703125,32.77000045776367,33.54999923706055,76764500
2012-09-21,33.58000183105469,34.04999923706055,32.400001525878906,34.0099983215332,80186600
2012-09-28,33.93000030517578,34.08000183105469,33.209999084472656,33.56999969482422,61043200
2012-10-05,32.900001525878906,33.84000015258789,32.4900016784668,33.75,49813800
2012-10-12,31.729999542236328,32.810001373291016,31.520000457763672,32.66999816894531,49734400
2012-10-19,31.1200008392334,31.559999465942383,30.530000686645508,31.549999237060547,55550700
2012-10-26,31.219999313354492,31.520000457763672,31.0,31.25,18428200
2012-11-02,31.3799991607666,31.43000030517578,29.84000015258789,30.860000610351562,64879700
2012-11-09,31.530000686645508,31.889999389648438,31.139999389648438,31.510000228881836,57553700
2012-11-16,32.290000915527344,32.34000015258789,31.0,31.34000015258789,36953000
2012-11-23,33.130001068115234,33.310001373291016,31.90999984741211,32.40999984741211,48400600
2012-11-30,31.93000030517578,33.13999938964844,31.479999542236328,32.9900016784668,54111800
2012-12-07,31.530000686645508,32.709999084472656,31.18000030517578,32.029998779296875,49762100
2012-12-14,29.0,31.530000686645508,28.649999618530273,31.420000076293945,82172800
2012-12-21,29.239999771118164,29.5,28.860000610351562,28.969999313354492,39265500
2012-12-28,29.18000030517578,30.469999313354492,28.90999984741211,29.100000381469727,57919400
2013-01-04,29.780000686645508,29.940000534057617,28.610000610351562,28.829999923706055,52302000
2013-01-11,30.670000076293945,30.8799991607666,29.170000076293945,29.729999542236328,57283600
2013-01-18,30.649999618530273,31.40999984741211,30.559999465942383,31.030000686645508,39360700
2013-01-25,30.440000534057617,31.219999313354492,29.729999542236328,30.440000534057617,61193400
2013-02-01,30.459999084472656,31.049999237060547,30.309999465942383,31.020000457763672,44576300
2013-02-08,29.459999084472656,30.649999618530273,29.239999771118164,30.40999984741211,45603500
2013-02-15,27.729999542236328,29.139999389648438,27.350000381469727,29.049999237060547,80983800
2013-02-22,27.540000915527344,28.5,27.43000030517578,27.6299991607666,57372600
2013-03-01,27.90999984741211,28.149999618530273,27.479999542236328,27.670000076293945,37417400
2013-03-08,27.799999237060547,28.389999389648438,27.530000686645508,27.579999923706055,36637200
2013-03-15,28.18000030517578,28.329999923706055,27.510000228881836,27.8799991607666,32109600
2013-03-22,27.420000076293945,27.950000762939453,27.170000076293945,27.729999542236328,32430200
2013-03-29,25.989999771118164,27.149999618530273,25.739999771118164,27.079999923706055,46958500
2013-04-05,26.700000762939453,27.139999389648438,26.09000015258789,26.209999084472656,39693500
2013-04-12,22.399999618530273,26.1299991607666,21.959999084472656,26.059999465942383,142627700
2013-04-19,23.489999771118164,23.559999465942383,21.989999771118164,22.649999618530273,65364600
2013-04-26,23.020000457763672,23.700000762939453,22.469999313354492,23.479999542236328,63445400
2013-05-03,22.889999389648438,23.56999969482422,22.690000534057617,23.1299991607666,47102800
2013-05-10,21.950000762939453,23.020000457763672,21.65999984741211,22.5,64991000
2013-05-17,21.8799991607666,22.549999237060547,20.809999465942383,21.850000381469727,136690500
2013-05-24,21.979999542236328,22.329999923706055,21.40999984741211,21.6299991607666,34738200
2013-05-31,21.93000030517578,22.190000534057617,21.420000076293945,21.59000015258789,51254700
2013-06-07,21.040000915527344,21.440000534057617,20.760000228881836,21.25,60746200
2013-06-14,18.969999313354492,21.399999618530273,18.8799991607666,21.290000915527344,77586500
2013-06-21,17.889999389648438,19.450000762939453,17.75,19.270000457763672,81055100
2013-06-28,19.020000457763672,19.190000534057617,17.959999084472656,17.969999313354492,56191500
2013-07-05,19.489999771118164,19.5,18.059999465942383,18.31999969482422,43746900
2013-07-12,18.719999313354492,19.440000534057617,18.579999923706055,19.170000076293945,39800400
2013-07-19,19.5,19.889999389648438,18.75,18.81999969482422,42058900
2013-07-26,18.969999313354492,19.420000076293945,18.709999084472656,19.299999237060547,34311500
2013-08-02,19.600000381469727,19.6299991607666,18.719999313354492,19.25,32891400
2013-08-09,22.149999618530273,22.3799991607666,19.559999465942383,19.610000610351562,77781300
2013-08-16,22.270000457763672,22.59000015258789,22.020000457763672,22.440000534057617,59481700
2013-08-23,23.0,23.84000015258789,22.290000915527344,22.31999969482422,79898000
2013-08-30,22.3799991607666,23.579999923706055,22.18000030517578,22.639999389648438,42303500
2013-09-06,21.059999465942383,23.09000015258789,21.049999237060547,22.93000030517578,43693300
2013-09-13,22.200000762939453,22.579999923706055,20.450000762939453,21.049999237060547,72542800
2013-09-20,20.920000076293945,21.860000610351562,20.649999618530273,21.790000915527344,46768500
2013-09-27,20.920000076293945,21.260000228881836,19.8799991607666,20.959999084472656,54715200
2013-10-04,20.829999923706055,21.670000076293945,20.719999313354492,20.989999771118164,40579900
2013-10-11,21.049999237060547,21.170000076293945,20.329999923706055,20.489999771118164,39841500
2013-10-18,21.8700008392334,22.040000915527344,21.049999237060547,21.079999923706055,33733700
2013-10-25,21.100000381469727,22.229999542236328,21.049999237060547,21.530000686645508,40422100
2013-11-01,20.829999923706055,21.149999618530273,20.760000228881836,21.09000015258789,22474700
2013-11-08,20.049999237060547,20.709999084472656,19.700000762939453,20.670000076293945,37580600
2013-11-15,19.239999771118164,20.030000686645508,19.0,19.969999313354492,37096900
2013-11-22,18.959999084472656,19.3799991607666,18.920000076293945,19.229999542236328,21712500
2013-11-29,18.690000534057617,19.350000381469727,18.280000686645508,19.260000228881836,40057600
2013-12-06,18.809999465942383,19.690000534057617,18.68000030517578,18.829999923706055,37466100
2013-12-13,18.489999771118164,19.540000915527344,18.420000076293945,18.889999389648438,45872800
2013-12-20,19.020000457763672,19.270000457763672,18.479999542236328,18.549999237060547,26628900
2013-12-27,19.229999542236328,19.469999313354492,18.260000228881836,19.31999969482422,50458600
2014-01-03,18.84000015258789,19.59000015258789,18.610000610351562,19.3700008392334,40194600
2014-01-10,19.350000381469727,19.84000015258789,19.239999771118164,19.309999465942383,38016900
2014-01-17,19.260000228881836,19.65999984741211,19.020000457763672,19.510000228881836,29581200
2014-01-24,18.489999771118164,19.459999084472656,18.389999389648438,19.3700008392334,44217400
2014-01-31,19.170000076293945,19.290000915527344,18.389999389648438,18.600000381469727,37878900
2014-02-07,19.739999771118164,19.760000228881836,19.06999969482422,19.079999923706055,39912400
2014-02-14,21.0,21.1299991607666,20.34000015258789,20.360000610351562,49663300
2014-02-21,20.459999084472656,21.299999237060547,20.290000915527344,20.950000762939453,42307800
2014-02-28,20.65999984741211,20.829999923706055,20.219999313354492,20.530000686645508,29152000
2014-03-07,20.360000610351562,20.610000610351562,19.8700008392334,20.0,35646300
2014-03-14,19.520000457763672,20.920000076293945,19.489999771118164,20.899999618530273,43545000
2014-03-21,19.0,19.68000030517578,18.8700008392334,19.65999984741211,28911600
2014-03-28,19.059999465942383,19.31999969482422,18.93000030517578,19.030000686645508,22949200
2014-04-04,19.270000457763672,19.450000762939453,18.950000762939453,19.350000381469727,27233400
2014-04-11,18.8799991607666,19.31999969482422,18.670000076293945,19.239999771118164,26909000
2014-04-18,18.920000076293945,19.139999389648438,18.56999969482422,18.65999984741211,25224600
2014-04-25,18.350000381469727,19.030000686645508,18.15999984741211,18.979999542236328,42088600
2014-05-02,18.440000534057617,18.920000076293945,18.34000015258789,18.399999618530273,31190700
2014-05-09,18.739999771118164,19.079999923706055,18.309999465942383,18.489999771118164,24568800
2014-05-16,18.729999542236328,18.8799991607666,18.510000228881836,18.56999969482422,19373900
2014-05-23,18.299999237060547,18.719999313354492,18.18000030517578,18.68000030517578,19821000
2014-05-30,18.260000228881836,18.360000610351562,17.90999984741211,18.270000457763672,32128300
2014-06-06,18.760000228881836,18.799999237060547,18.149999618530273,18.299999237060547,25410000
2014-06-13,19.920000076293945,20.100000381469727,18.770000457763672,18.780000686645508,46394300
2014-06-20,20.239999771118164,20.329999923706055,19.940000534057617,19.959999084472656,37210900
2014-06-27,20.290000915527344,20.440000534057617,19.93000030517578,20.260000228881836,27848100
2014-07-04,20.520000457763672,20.639999389648438,19.989999771118164,20.1200008392334,20402600
2014-07-11,20.290000915527344,20.610000610351562,19.84000015258789,20.510000228881836,39723500
2014-07-18,19.579999923706055,20.239999771118164,19.5,20.030000686645508,31734200
2014-07-25,19.579999923706055,19.899999618530273,19.520000457763672,19.600000381469727,24843800
2014-08-01,19.170000076293945,19.719999313354492,18.979999542236328,19.68000030517578,32093000
2014-08-08,19.100000381469727,19.299999237060547,18.90999984741211,19.170000076293945,22081700
2014-08-15,18.690000534057617,18.979999542236328,18.59000015258789,18.829999923706055,29065900
2014-08-22,18.739999771118164,18.8700008392334,18.540000915527344,18.65999984741211,21006200
2014-08-29,18.31999969482422,18.850000381469727,18.260000228881836,18.760000228881836,22036700
2014-09-05,17.959999084472656,18.43000030517578,17.81999969482422,18.299999237060547,38819700
2014-09-12,17.770000457763672,18.1200008392334,17.6299991607666,17.799999237060547,32225800
2014-09-19,16.829999923706055,17.639999389648438,16.6200008392334,17.6299991607666,58953600
2014-09-26,16.40999984741211,16.90999984741211,16.18000030517578,16.790000915527344,47803700
2014-10-03,16.6200008392334,16.969999313354492,16.040000915527344,16.170000076293945,45335600
2014-10-10,16.670000076293945,17.09000015258789,16.5,16.6299991607666,30401300
2014-10-17,16.5,16.90999984741211,16.399999618530273,16.639999389648438,26877700
2014-10-24,15.819999694824219,16.639999389648438,15.680000305175781,16.6299991607666,31803900
2014-10-31,14.819999694824219,15.5600004196167,14.640000343322754,15.220000267028809,56220200
2014-11-07,14.970000267028809,15.239999771118164,14.859999656677246,14.930000305175781,41518900
2014-11-14,15.600000381469727,15.869999885559082,14.770000457763672,14.800000190734863,61965800
2014-11-21,15.869999885559082,16.0,15.609999656677246,15.789999961853027,25145300
2014-11-28,15.770000457763672,16.09000015258789,14.800000190734863,15.199999809265137,59370000
2014-12-05,16.329999923706055,16.489999771118164,15.529999732971191,15.6899995803833,40763700
2014-12-12,15.25,16.43000030517578,14.880000114440918,16.360000610351562,55050300
2014-12-19,15.09000015258789,15.430000305175781,14.869999885559082,15.270000457763672,23088100
2014-12-26,15.0600004196167,15.770000457763672,14.90999984741211,15.5,36189400
2015-01-02,15.640000343322754,16.010000228881836,14.890000343322754,14.960000038146973,41458800
2015-01-09,16.149999618530273,16.479999542236328,15.680000305175781,15.710000038146973,43711200
2015-01-16,17.610000610351562,17.690000534057617,16.399999618530273,16.420000076293945,55194600
2015-01-23,16.239999771118164,17.56999969482422,16.030000686645508,17.479999542236328,43266500
2015-01-30,16.579999923706055,16.920000076293945,16.110000610351562,16.170000076293945,34774600
2015-02-06,16.149999618530273,16.399999618530273,15.850000381469727,16.18000030517578,31173300
2015-02-13,15.699999809265137,16.700000762939453,15.569999694824219,16.520000457763672,40360000
2015-02-20,15.84000015258789,16.030000686645508,15.399999618530273,15.729999542236328,31303400
2015-02-27,15.529999732971191,15.960000038146973,15.390000343322754,15.9399995803833,28285200
2015-03-06,14.920000076293945,15.260000228881836,14.630000114440918,15.210000038146973,34063100
2015-03-13,15.4399995803833,15.5,14.75,14.920000076293945,30170100
2015-03-20,16.299999237060547,16.40999984741211,15.59000015258789,15.609999656677246,39899000
2015-03-27,16.020000457763672,16.360000610351562,15.850000381469727,16.350000381469727,29340000
2015-04-03,15.510000228881836,16.56999969482422,15.4399995803833,16.450000762939453,24553100
2015-04-10,15.569999694824219,15.949999809265137,15.4399995803833,15.880000114440918,22956000
2015-04-17,15.210000038146973,15.649999618530273,15.020000457763672,15.609999656677246,24126900
2015-04-24,15.430000305175781,15.989999771118164,14.930000305175781,15.119999885559082,43074600
2015-05-01,15.600000381469727,15.960000038146973,15.25,15.350000381469727,25234000
2015-05-08,16.649999618530273,16.799999237060547,15.5,15.770000457763672,40989800
2015-05-15,16.389999389648438,16.959999084472656,16.139999389648438,16.700000762939453,26881000
2015-05-22,15.970000267028809,16.450000762939453,15.819999694824219,16.329999923706055,18399300
2015-05-29,15.479999542236328,16.420000076293945,15.430000305175781,16.020000457763672,35936200
2015-06-05,15.329999923706055,15.479999542236328,15.170000076293945,15.300000190734863,26538500
2015-06-12,15.460000038146973,15.699999809265137,15.170000076293945,15.210000038146973,31332700
2015-06-19,15.170000076293945,15.550000190734863,15.069999694824219,15.460000038146973,29517300
2015-06-26,14.949999809265137,15.180000305175781,14.800000190734863,15.050000190734863,32005100
2015-07-03,14.760000228881836,15.149999618530273,14.029999732971191,14.890000343322754,44960500
2015-07-10,14.350000381469727,14.970000267028809,14.319999694824219,14.779999732971191,29719000
2015-07-17,14.0,14.350000381469727,13.930000305175781,14.270000457763672,31411900
2015-07-24,14.09000015258789,14.25,13.729999542236328,13.789999961853027,29672000
2015-07-31,13.989999771118164,14.34000015258789,13.779999732971191,14.270000457763672,23071900
2015-08-07,14.710000038146973,14.899999618530273,14.100000381469727,14.130000114440918,32202300
2015-08-14,14.779999732971191,14.920000076293945,14.0600004196167,14.800000190734863,25959900
2015-08-21,13.800000190734863,14.729999542236328,13.350000381469727,14.699999809265137,45425400
2015-08-28,14.020000457763672,14.289999961853027,13.760000228881836,13.829999923706055,23973800
2015-09-04,13.989999771118164,14.220000267028809,13.859999656677246,13.890000343322754,15284000
2015-09-11,14.420000076293945,14.579999923706055,13.640000343322754,13.779999732971191,25935200
2015-09-18,14.430000305175781,14.619999885559082,14.069999694824219,14.600000381469727,22496400
2015-09-25,13.899999618530273,14.510000228881836,13.8100004196167,14.4399995803833,21311400
2015-10-02,14.989999771118164,15.380000114440918,14.199999809265137,14.210000038146973,49385200
2015-10-09,15.390000343322754,15.449999809265137,15.0,15.109999656677246,24120200
2015-10-16,15.109999656677246,15.420000076293945,14.90999984741211,15.369999885559082,21993400
2015-10-23,14.880000114440918,15.600000381469727,14.819999694824219,15.119999885559082,28242800
2015-10-30,14.300000190734863,14.880000114440918,14.25,14.869999885559082,20966300
2015-11-06,13.640000343322754,14.130000114440918,13.539999961853027,14.109999656677246,27432500
2015-11-13,13.619999885559082,13.75,13.390000343322754,13.569999694824219,22044700
2015-11-20,13.520000457763672,13.649999618530273,13.399999618530273,13.59000015258789,18457800
2015-11-27,13.460000038146973,13.529999732971191,13.279999732971191,13.369999885559082,26940700
2015-12-04,13.449999809265137,13.9399995803833,13.4399995803833,13.65999984741211,32734900
2015-12-11,13.079999923706055,13.640000343322754,13.039999961853027,13.15999984741211,35437300
2015-12-18,13.6899995803833,13.720000267028809,13.239999771118164,13.25,26348500
2015-12-25,13.1899995803833,13.399999618530273,13.15999984741211,13.380000114440918,15411200
2016-01-01,13.619999885559082,13.710000038146973,13.1899995803833,13.470000267028809,21424100
2016-01-08,13.1899995803833,13.529999732971191,13.100000381469727,13.40999984741211,28196800
2016-01-15,13.460000038146973,13.539999961853027,13.220000267028809,13.420000076293945,21042400
2016-01-22,13.569999694824219,13.880000114440918,13.359999656677246,13.520000457763672,25306100
2016-01-29,14.170000076293945,14.199999809265137,13.5,13.529999732971191,27077200
2016-02-05,14.949999809265137,15.199999809265137,13.970000267028809,13.979999542236328,52413700
2016-02-12,14.760000228881836,15.0600004196167,14.5,14.949999809265137,28286000
2016-02-19,14.40999984741211,14.84000015258789,14.319999694824219,14.619999885559082,29305700
2016-02-26,14.5,14.59000015258789,13.970000267028809,14.3100004196167,55492700
2016-03-04,14.819999694824219,15.039999961853027,14.470000267028809,14.670000076293945,52601900
2016-03-11,15.15999984741211,15.279999732971191,14.460000038146973,14.869999885559082,54163700
2016-03-18,14.430000305175781,15.199999809265137,14.430000305175781,15.09000015258789,39070000
2016-03-25,14.680000305175781,14.739999771118164,14.380000114440918,14.579999923706055,24885700
2016-04-01,14.479999542236328,14.619999885559082,14.09000015258789,14.239999771118164,40347400
2016-04-08,15.34000015258789,15.529999732971191,14.489999771118164,14.510000228881836,51072800
2016-04-15,16.209999084472656,16.440000534057617,15.319999694824219,15.399999618530273,68884300
2016-04-22,16.770000457763672,16.799999237060547,16.020000457763672,16.360000610351562,61785200
2016-04-29,16.510000228881836,17.09000015258789,16.389999389648438,16.959999084472656,53759700
2016-05-06,16.219999313354492,16.739999771118164,16.100000381469727,16.530000686645508,45082900
2016-05-13,15.670000076293945,16.549999237060547,15.529999732971191,16.15999984741211,49817900
2016-05-20,15.529999732971191,15.819999694824219,15.399999618530273,15.819999694824219,33401600
2016-05-27,15.220000267028809,15.510000228881836,15.039999961853027,15.5,24720300
2016-06-03,16.469999313354492,16.479999542236328,15.510000228881836,15.59000015258789,46785200
2016-06-10,16.309999465942383,16.920000076293945,16.299999237060547,16.469999313354492,74227200
2016-06-17,16.489999771118164,16.690000534057617,16.31999969482422,16.600000381469727,40735600
2016-06-24,17.860000610351562,17.899999618530273,16.780000686645508,17.049999237060547,64733700
2016-07-01,18.709999084472656,19.239999771118164,18.280000686645508,18.280000686645508,101484400
2016-07-08,19.25,19.450000762939453,18.700000762939453,18.8799991607666,81851400
2016-07-15,18.8799991607666,19.18000030517578,18.360000610351562,19.100000381469727,51486000
2016-07-22,19.209999084472656,19.399999618530273,18.34000015258789,18.670000076293945,49293900
2016-07-29,19.350000381469727,19.709999084472656,19.09000015258789,19.260000228881836,48241700
2016-08-05,18.959999084472656,19.31999969482422,18.709999084472656,18.93000030517578,42683200
2016-08-12,18.770000457763672,19.190000534057617,18.40999984741211,19.149999618530273,44853100
2016-08-19,17.6299991607666,18.479999542236328,17.600000381469727,18.399999618530273,50515300
2016-08-26,17.940000534057617,18.1200008392334,17.6200008392334,17.790000915527344,47905200
2016-09-02,18.6200008392334,19.1200008392334,18.15999984741211,18.260000228881836,43720600
2016-09-09,18.040000915527344,18.5,17.84000015258789,18.489999771118164,45927500
2016-09-16,18.899999618530273,19.049999237060547,17.739999771118164,17.770000457763672,43147300
2016-09-23,18.110000610351562,18.850000381469727,17.959999084472656,18.809999465942383,34200400
2016-09-30,16.440000534057617,18.670000076293945,16.239999771118164,18.649999618530273,94233600
2016-10-07,16.610000610351562,16.829999923706055,16.229999542236328,16.700000762939453,48457500
2016-10-14,16.639999389648438,16.850000381469727,16.479999542236328,16.559999465942383,35692800
2016-10-21,16.729999542236328,16.979999542236328,16.56999969482422,16.649999618530273,26375100
2016-10-28,17.420000076293945,17.790000915527344,16.729999542236328,16.81999969482422,47628600
2016-11-04,17.559999465942383,17.8700008392334,17.09000015258789,17.469999313354492,58197000
2016-11-11,15.84000015258789,17.5,15.729999542236328,17.489999771118164,117167300
2016-11-18,15.520000457763672,15.899999618530273,15.34000015258789,15.779999732971191,37321300
2016-11-25,15.65999984741211,15.869999885559082,15.449999809265137,15.699999809265137,33636100
2016-12-02,16.139999389648438,16.34000015258789,15.670000076293945,15.699999809265137,35854500
2016-12-09,15.180000305175781,16.329999923706055,15.0600004196167,16.149999618530273,61412100
2016-12-16,14.979999542236328,15.420000076293945,14.850000381469727,15.220000267028809,39510800
2016-12-23,15.319999694824219,15.399999618530273,14.880000114440918,14.949999809265137,27433300
2016-12-30,15.760000228881836,15.850000381469727,15.020000457763672,15.369999885559082,33526400
2017-01-06,15.90999984741211,16.06999969482422,15.550000190734863,15.569999694824219,35292100
2017-01-13,16.1200008392334,16.43000030517578,15.729999542236328,15.819999694824219,29062500
2017-01-20,15.930000305175781,16.389999389648438,15.84000015258789,16.1200008392334,34279100
2017-01-27,16.559999465942383,16.760000228881836,15.850000381469727,15.899999618530273,38787200
2017-02-03,16.75,16.940000534057617,16.469999313354492,16.489999771118164,26009400
2017-02-10,17.149999618530273,17.190000534057617,16.75,16.75,31911500
2017-02-17,17.239999771118164,17.270000457763672,16.899999618530273,17.059999465942383,18970200
2017-02-24,16.799999237060547,17.530000686645508,16.75,17.3700008392334,45590200
2017-03-03,16.059999465942383,17.040000915527344,16.040000915527344,16.809999465942383,36332500
2017-03-10,16.399999618530273,16.56999969482422,15.9399995803833,16.06999969482422,31261700
2017-03-17,16.670000076293945,16.75,16.399999618530273,16.40999984741211,18329800
2017-03-24,17.149999618530273,17.329999923706055,16.690000534057617,16.709999084472656,33104000
2017-03-31,17.260000228881836,17.389999389648438,17.170000076293945,17.229999542236328,22768100
2017-04-07,17.530000686645508,17.59000015258789,16.799999237060547,17.399999618530273,38773600
2017-04-14,17.059999465942383,17.579999923706055,16.920000076293945,17.530000686645508,34641500
2017-04-21,16.3700008392334,17.020000457763672,16.350000381469727,16.969999313354492,45339000
2017-04-28,15.430000305175781,16.389999389648438,15.350000381469727,16.309999465942383,51052900
2017-05-05,15.449999809265137,15.510000228881836,15.210000038146973,15.430000305175781,36056800
2017-05-12,15.710000038146973,16.1299991607666,15.529999732971191,15.569999694824219,40374500
2017-05-19,16.229999542236328,16.3799991607666,15.850000381469727,15.9399995803833,31284300
2017-05-26,16.3799991607666,16.520000457763672,16.139999389648438,16.3799991607666,22638600
2017-06-02,16.489999771118164,16.799999237060547,16.3700008392334,16.450000762939453,28528400
2017-06-09,15.880000114440918,16.3700008392334,15.789999961853027,16.31999969482422,40639900
2017-06-16,15.680000305175781,15.819999694824219,15.5,15.8100004196167,29760500
2017-06-23,15.729999542236328,15.920000076293945,15.649999618530273,15.829999923706055,23211200
2017-06-30,15.149999618530273,15.779999732971191,15.039999961853027,15.720000267028809,26405900
2017-07-07,14.869999885559082,15.119999885559082,14.4399995803833,14.949999809265137,57092500
2017-07-14,15.420000076293945,15.529999732971191,15.010000228881836,15.140000343322754,35899000
2017-07-21,15.680000305175781,15.899999618530273,15.520000457763672,15.569999694824219,37191900
2017-07-28,15.720000267028809,15.960000038146973,15.65999984741211,15.760000228881836,29644400
2017-08-04,16.18000030517578,16.280000686645508,15.270000457763672,15.539999961853027,46840900
2017-08-11,16.1200008392334,16.229999542236328,15.680000305175781,16.09000015258789,36649800
2017-08-18,16.030000686645508,16.239999771118164,15.949999809265137,16.209999084472656,26235800
2017-08-25,16.649999618530273,16.68000030517578,15.8100004196167,16.18000030517578,45103700
2017-09-01,17.100000381469727,17.139999389648438,16.549999237060547,16.709999084472656,35803900
2017-09-08,16.770000457763672,17.1299991607666,16.690000534057617,17.1200008392334,30221800
2017-09-15,16.030000686645508,16.719999313354492,15.9399995803833,16.719999313354492,37704800
2017-09-22,15.920000076293945,16.219999313354492,15.800000190734863,16.010000228881836,33598500
2017-09-29,15.6899995803833,15.899999618530273,15.619999885559082,15.869999885559082,26540000
2017-10-06,16.260000228881836,16.299999237060547,15.420000076293945,15.670000076293945,37327600
2017-10-13,16.270000457763672,16.489999771118164,16.010000228881836,16.3799991607666,34037100
2017-10-20,15.850000381469727,16.260000228881836,15.819999694824219,16.170000076293945,32221000
2017-10-27,16.170000076293945,16.280000686645508,15.699999809265137,15.739999771118164,37925300
2017-11-03,16.06999969482422,16.299999237060547,15.84000015258789,16.200000762939453,33742400
2017-11-10,16.1200008392334,16.209999084472656,15.850000381469727,16.100000381469727,31359400
2017-11-17,16.170000076293945,16.40999984741211,15.899999618530273,16.139999389648438,33339100
2017-11-24,15.510000228881836,16.209999084472656,15.399999618530273,16.100000381469727,40681400
2017-12-01,14.869999885559082,15.630000114440918,14.770000457763672,15.420000076293945,50844900
2017-12-08,15.020000457763672,15.25,14.739999771118164,14.930000305175781,42707800
2017-12-15,15.220000267028809,15.329999923706055,15.079999923706055,15.140000343322754,25294400
2017-12-22,15.880000114440918,15.920000076293945,15.3100004196167,15.34000015258789,31325500
2017-12-29,16.229999542236328,16.299999237060547,15.930000305175781,16.020000457763672,39447400
2018-01-05,16.010000228881836,16.290000915527344,15.90999984741211,16.18000030517578,33483600
2018-01-12,15.970000267028809,16.309999465942383,15.949999809265137,16.100000381469727,38066500
2018-01-19,16.309999465942383,16.639999389648438,15.789999961853027,16.049999237060547,56603100
2018-01-26,16.25,16.5,16.100000381469727,16.3799991607666,42068800
2018-02-02,15.460000038146973,16.020000457763672,15.34000015258789,16.020000457763672,60271400
2018-02-09,15.90999984741211,15.970000267028809,15.260000228881836,15.399999618530273,48103600
2018-02-16,15.65999984741211,15.880000114440918,15.489999771118164,15.829999923706055,32040400
2018-02-23,15.539999961853027,15.6899995803833,15.229999542236328,15.619999885559082,31529700
2018-03-02,15.550000190734863,15.899999618530273,15.420000076293945,15.609999656677246,37013600
2018-03-09,15.449999809265137,15.739999771118164,15.430000305175781,15.5,29250300
2018-03-16,15.4399995803833,15.710000038146973,15.1899995803833,15.460000038146973,42480500
2018-03-23,15.40999984741211,15.819999694824219,15.300000190734863,15.680000305175781,45232300
2018-03-30,15.449999809265137,15.720000267028809,15.270000457763672,15.619999885559082,29656500
2018-04-06,15.520000457763672,15.899999618530273,15.390000343322754,15.520000457763672,42028000
2018-04-13,16.260000228881836,16.350000381469727,15.640000343322754,15.640000343322754,55133800
2018-04-20,15.579999923706055,16.219999313354492,15.470000267028809,16.149999618530273,45720800
2018-04-27,15.460000038146973,15.59000015258789,15.119999885559082,15.539999961853027,50895700
2018-05-04,15.739999771118164,15.779999732971191,15.359999656677246,15.430000305175781,33013700
2018-05-11,15.470000267028809,15.850000381469727,15.260000228881836,15.829999923706055,36984200
2018-05-18,15.6899995803833,15.720000267028809,15.369999885559082,15.430000305175781,28196800
2018-05-25,15.460000038146973,15.670000076293945,15.390000343322754,15.649999618530273,25126500
2018-06-01,15.720000267028809,15.90999984741211,15.40999984741211,15.460000038146973,34396200
2018-06-08,16.170000076293945,16.280000686645508,15.720000267028809,15.819999694824219,46462300
2018-06-15,15.359999656677246,15.960000038146973,15.3100004196167,15.960000038146973,59406200
2018-06-22,15.069999694824219,15.520000457763672,14.989999771118164,15.420000076293945,40722600
2018-06-29,15.100000381469727,15.220000267028809,14.84000015258789,15.079999923706055,28885900
2018-07-06,15.0,15.25,14.850000381469727,15.0600004196167,33296600
2018-07-13,14.420000076293945,14.949999809265137,14.350000381469727,14.880000114440918,55440900
2018-07-20,14.489999771118164,14.699999809265137,14.430000305175781,14.520000457763672,40057500
2018-07-27,14.430000305175781,14.6899995803833,14.380000114440918,14.5600004196167,29790800
2018-08-03,14.520000457763672,14.640000343322754,14.380000114440918,14.529999732971191,24392600
2018-08-10,13.770000457763672,14.510000228881836,13.510000228881836,14.420000076293945,62135600
2018-08-17,13.649999618530273,13.9399995803833,13.619999885559082,13.819999694824219,30412500
2018-08-24,13.699999809265137,14.050000190734863,13.649999618530273,13.850000381469727,47972400
2018-08-31,13.3100004196167,13.739999771118164,13.170000076293945,13.680000305175781,38566800
2018-09-07,13.350000381469727,13.5,13.109999656677246,13.319999694824219,39547500
2018-09-14,13.449999809265137,13.489999771118164,13.220000267028809,13.350000381469727,43649900
2018-09-21,13.40999984741211,13.6899995803833,13.319999694824219,13.34000015258789,48598100
2018-09-28,13.710000038146973,14.020000457763672,13.510000228881836,13.630000114440918,63300900
2018-10-05,13.670000076293945,13.829999923706055,13.390000343322754,13.8100004196167,47165000
2018-10-12,13.699999809265137,13.930000305175781,13.649999618530273,13.779999732971191,35329400
2018-10-19,13.739999771118164,13.920000076293945,13.640000343322754,13.800000190734863,31038600
2018-10-26,13.829999923706055,13.920000076293945,13.390000343322754,13.800000190734863,44939000
2018-11-02,13.5600004196167,14.010000228881836,13.510000228881836,13.90999984741211,29847900
2018-11-09,13.420000076293945,13.479999542236328,13.109999656677246,13.369999885559082,47793700
2018-11-16,13.600000381469727,13.670000076293945,13.359999656677246,13.520000457763672,27640100
2018-11-23,13.430000305175781,13.529999732971191,13.229999542236328,13.430000305175781,31376300
2018-11-30,13.600000381469727,13.770000457763672,13.199999809265137,13.300000190734863,35794600
2018-12-07,13.859999656677246,13.890000343322754,13.600000381469727,13.640000343322754,33560700
2018-12-14,13.850000381469727,13.9399995803833,13.600000381469727,13.619999885559082,52313300
2018-12-21,14.300000190734863,14.34000015258789,13.710000038146973,13.819999694824219,42619900
2018-12-28,14.75,14.789999961853027,14.329999923706055,14.399999618530273,47586100
2019-01-04,14.600000381469727,14.8100004196167,14.59000015258789,14.729999542236328,51774600
2019-01-11,14.569999694824219,14.739999771118164,14.510000228881836,14.619999885559082,39026400
2019-01-18,14.359999656677246,14.5,14.300000190734863,14.449999809265137,27431600
2019-01-25,15.050000190734863,15.1899995803833,14.579999923706055,14.579999923706055,45899500
2019-02-01,14.770000457763672,15.079999923706055,14.670000076293945,15.050000190734863,33673200
2019-02-08,14.649999618530273,14.869999885559082,14.550000190734863,14.789999961853027,27545500
2019-02-15,14.829999923706055,15.210000038146973,14.630000114440918,14.699999809265137,31531200
2019-02-22,14.630000114440918,14.989999771118164,14.609999656677246,14.920000076293945,27218400
2019-03-01,14.09000015258789,14.550000190734863,14.050000190734863,14.489999771118164,46070100
2019-03-08,14.239999771118164,14.550000190734863,14.199999809265137,14.319999694824219,35771400
2019-03-15,14.5,14.59000015258789,14.319999694824219,14.390000343322754,36189900
2019-03-22,14.069999694824219,14.609999656677246,14.039999961853027,14.449999809265137,40778800
2019-03-29,14.220000267028809,14.25,13.970000267028809,14.239999771118164,40214800
2019-04-05,14.020000457763672,14.350000381469727,13.970000267028809,14.210000038146973,37371000
2019-04-12,14.0600004196167,14.170000076293945,13.920000076293945,14.09000015258789,40603700
2019-04-19,14.0,14.100000381469727,13.829999923706055,14.079999923706055,21440300
2019-04-26,13.710000038146973,14.140000343322754,13.649999618530273,14.09000015258789,45097700
2019-05-03,13.829999923706055,14.029999732971191,13.770000457763672,13.869999885559082,31101900
2019-05-10,13.649999618530273,13.920000076293945,13.600000381469727,13.829999923706055,32850100
2019-05-17,13.680000305175781,13.720000267028809,13.470000267028809,13.529999732971191,26785000
2019-05-24,13.600000381469727,13.670000076293945,13.390000343322754,13.65999984741211,22215600
2019-05-31,13.920000076293945,14.029999732971191,13.600000381469727,13.609999656677246,54173700
2019-06-07,13.960000038146973,14.199999809265137,13.720000267028809,14.0600004196167,45341700
2019-06-14,14.449999809265137,14.539999961853027,13.850000381469727,14.010000228881836,61716300
2019-06-21,14.279999732971191,14.510000228881836,14.199999809265137,14.359999656677246,71130600
2019-06-28,14.319999694824219,14.359999656677246,14.119999885559082,14.279999732971191,47948300
2019-07-05,14.170000076293945,14.289999961853027,13.949999809265137,14.09000015258789,58200700
2019-07-12,15.289999961853027,15.319999694824219,14.140000343322754,14.180000305175781,130626800
2019-07-19,15.359999656677246,15.59000015258789,15.029999732971191,15.399999618530273,119548500
2019-07-26,15.34000015258789,15.550000190734863,14.979999542236328,15.420000076293945,87873200
2019-08-02,15.890000343322754,16.149999618530273,15.079999923706055,15.09000015258789,137516900
2019-08-09,16.1299991607666,16.219999313354492,15.470000267028809,15.850000381469727,126639000
2019-08-16,15.970000267028809,16.139999389648438,15.779999732971191,16.100000381469727,62653800
2019-08-23,17.06999969482422,17.40999984741211,15.979999542236328,16.040000915527344,171111700
2019-08-30,17.40999984741211,18.350000381469727,17.0,17.09000015258789,156455400
2019-09-06,16.920000076293945,17.59000015258789,16.790000915527344,17.489999771118164,163328100
2019-09-13,16.6200008392334,16.940000534057617,16.280000686645508,16.899999618530273,115759900
2019-09-20,16.670000076293945,17.510000228881836,16.610000610351562,16.649999618530273,115730800
2019-09-27,16.43000030517578,16.649999618530273,15.829999923706055,16.260000228881836,123444700
2019-10-04,16.3700008392334,16.68000030517578,16.25,16.299999237060547,75882500
2019-10-11,16.399999618530273,16.549999237060547,16.149999618530273,16.3799991607666,87790900
2019-10-18,16.649999618530273,16.690000534057617,16.290000915527344,16.3799991607666,69093800
2019-10-25,16.920000076293945,17.110000610351562,16.440000534057617,17.079999923706055,84523400
2019-11-01,16.0,16.969999313354492,15.84000015258789,16.860000610351562,91616300
2019-11-08,15.899999618530273,15.970000267028809,15.550000190734863,15.770000457763672,70157500
2019-11-15,15.989999771118164,16.059999465942383,15.789999961853027,15.8100004196167,46535000
2019-11-22,15.84000015258789,16.010000228881836,15.720000267028809,15.979999542236328,42303000
2019-11-29,15.850000381469727,16.079999923706055,15.699999809265137,15.789999961853027,52843700
2019-12-06,15.850000381469727,15.960000038146973,15.4399995803833,15.609999656677246,60359900
2019-12-13,15.9399995803833,16.0,15.739999771118164,15.779999732971191,39068200
2019-12-20,16.729999542236328,16.860000610351562,15.960000038146973,16.06999969482422,52674100
2019-12-27,16.809999465942383,16.899999618530273,16.56999969482422,16.700000762939453,48213700
2020-01-03,16.719999313354492,17.209999084472656,16.6200008392334,16.920000076293945,91664800
2020-01-10,16.770000457763672,16.959999084472656,16.540000915527344,16.799999237060547,51521000
2020-01-17,16.610000610351562,16.889999389648438,16.459999084472656,16.829999923706055,44229500
2020-01-24,16.68000030517578,17.059999465942383,16.270000457763672,16.690000534057617,87854400
2020-01-31,16.6299991607666,16.899999618530273,16.360000610351562,16.690000534057617,67772300
2020-02-07,16.459999084472656,16.65999984741211,16.299999237060547,16.610000610351562,47229400
2020-02-14,17.139999389648438,17.239999771118164,16.540000915527344,16.610000610351562,57030800
2020-02-21,16.469999313354492,17.690000534057617,16.450000762939453,17.270000457763672,152703200
2020-02-28,16.299999237060547,16.309999465942383,15.279999732971191,15.890000343322754,181401900
2020-03-06,14.619999885559082,16.260000228881836,14.479999542236328,16.239999771118164,175413600
2020-03-13,11.319999694824219,14.6899995803833,10.859999656677246,14.670000076293945,294360800
2020-03-20,13.529999732971191,13.710000038146973,11.520000457763672,11.720000267028809,205154100
2020-03-27,13.529999732971191,13.59000015258789,12.869999885559082,13.510000228881836,107847500
2020-04-03,14.34000015258789,14.520000457763672,13.329999923706055,13.479999542236328,117071900
2020-04-10,14.510000228881836,14.800000190734863,14.130000114440918,14.1899995803833,83419800
2020-04-17,14.210000038146973,14.40999984741211,13.550000190734863,14.270000457763672,100983100
2020-04-24,13.979999542236328,14.359999656677246,13.760000228881836,14.279999732971191,81490900
2020-05-01,14.260000228881836,14.399999618530273,13.729999542236328,13.899999618530273,99306400
2020-05-08,14.8100004196167,14.829999923706055,14.3100004196167,14.359999656677246,122767900
2020-05-15,15.960000038146973,16.450000762939453,15.239999771118164,15.420000076293945,227959400
2020-05-22,16.190000534057617,16.34000015258789,15.720000267028809,15.960000038146973,122162500
2020-05-29,16.540000915527344,17.100000381469727,16.270000457763672,16.549999237060547,162249300
2020-06-05,16.440000534057617,16.959999084472656,16.040000915527344,16.18000030517578,153095000
2020-06-12,16.209999084472656,16.549999237060547,15.789999961853027,16.440000534057617,112465500
2020-06-19,16.59000015258789,16.809999465942383,16.239999771118164,16.43000030517578,122013000
2020-06-26,16.709999084472656,17.030000686645508,16.290000915527344,16.489999771118164,132905200
2020-07-03,17.3799991607666,17.739999771118164,16.920000076293945,17.079999923706055,129081400
2020-07-10,17.780000686645508,18.170000076293945,17.299999237060547,17.489999771118164,171541500
2020-07-17,21.030000686645508,21.510000228881836,17.889999389648438,17.979999542236328,372050400
2020-07-24,21.760000228881836,23.25,20.93000030517578,21.34000015258789,383478000
2020-07-31,26.8799991607666,26.899999618530273,22.110000610351562,22.209999084472656,367151000
2020-08-07,25.450000762939453,27.389999389648438,23.059999465942383,26.280000686645508,547068000
2020-08-14,25.610000610351562,26.489999771118164,23.979999542236328,25.110000610351562,297810200
2020-08-21,25.15999984741211,25.899999618530273,24.260000228881836,24.8700008392334,246152200
2020-08-28,24.739999771118164,26.75,24.639999389648438,25.610000610351562,228666700
2020-09-04,24.860000610351562,25.56999969482422,24.049999237060547,24.850000381469727,168663600
2020-09-11,25.229999542236328,25.540000915527344,24.510000228881836,25.030000686645508,145114900
2020-09-18,21.559999465942383,25.260000228881836,20.450000762939453,24.979999542236328,325398600
2020-09-25,22.09000015258789,22.709999084472656,21.110000610351562,21.15999984741211,179005500
2020-10-02,22.18000030517578,22.809999465942383,21.6200008392334,22.25,119234700
2020-10-09,22.59000015258789,23.5,22.0,22.799999237060547,157514900
2020-10-16,22.959999084472656,23.530000686645508,22.420000076293945,22.760000228881836,114438800
2020-10-23,21.709999084472656,23.030000686645508,21.270000457763672,23.020000457763672,112843600
2020-10-30,23.610000610351562,23.65999984741211,21.780000686645508,22.040000915527344,147410300
2020-11-06,22.549999237060547,23.959999084472656,21.920000076293945,23.920000076293945,160302400
2020-11-13,22.420000076293945,23.100000381469727,22.079999923706055,23.040000915527344,82039700
2020-11-20,21.719999313354492,22.809999465942383,21.40999984741211,22.709999084472656,91020200
2020-11-27,22.43000030517578,22.440000534057617,20.600000381469727,20.950000762939453,111069500
2020-12-04,22.31999969482422,23.1200008392334,21.93000030517578,22.40999984741211,110486700
2020-12-11,24.149999618530273,24.270000457763672,22.1200008392334,22.229999542236328,129643300
2020-12-18,23.959999084472656,24.5,23.309999465942383,24.020000457763672,151511600
2020-12-25,24.56999969482422,24.84000015258789,24.110000610351562,24.670000076293945,96923000
2021-01-01,25.260000228881836,25.739999771118164,24.719999313354492,25.540000915527344,169222500
2021-01-08,23.709999084472656,24.760000228881836,22.739999771118164,24.729999542236328,237447400
2021-01-15,24.149999618530273,24.209999084472656,22.84000015258789,23.170000076293945,113878500
2021-01-22,24.719999313354492,25.100000381469727,22.940000534057617,23.520000457763672,244116300
2021-01-29,24.479999542236328,27.979999542236328,24.059999465942383,25.309999465942383,624616900
2021-02-05,25.09000015258789,25.6299991607666,24.649999618530273,24.739999771118164,171615300
2021-02-12,25.059999465942383,25.700000762939453,24.93000030517578,25.1299991607666,125290500
2021-02-19,25.399999618530273,26.280000686645508,25.200000762939453,25.420000076293945,197869600
2021-02-26,23.559999465942383,25.040000915527344,23.270000457763672,25.0,225052500
2021-03-05,24.25,24.350000381469727,23.049999237060547,23.59000015258789,122264200
2021-03-12,24.100000381469727,24.6299991607666,23.56999969482422,23.639999389648438,151266800
2021-03-19,23.290000915527344,24.3799991607666,23.030000686645508,24.260000228881836,123362000
2021-03-26,23.149999618530273,23.309999465942383,22.1299991607666,23.200000762939453,120112800
2021-04-02,23.6200008392334,23.780000686645508,22.889999389648438,23.040000915527344,62611500
2021-04-09,24.030000686645508,24.1299991607666,22.93000030517578,23.290000915527344,97841500
2021-04-16,24.209999084472656,24.739999771118164,23.790000915527344,24.200000762939453,117008700
2021-04-23,24.25,24.530000686645508,23.860000610351562,24.329999923706055,86146600
2021-04-30,25.3700008392334,25.479999542236328,23.950000762939453,24.209999084472656,130492400
2021-05-07,25.15999984741211,25.8700008392334,24.920000076293945,25.280000686645508,137701800
2021-05-14,25.790000915527344,26.389999389648438,25.290000915527344,25.389999389648438,157119600
2021-05-21,25.850000381469727,26.010000228881836,25.229999542236328,25.979999542236328,113335300
2021-05-28,25.459999084472656,26.43000030517578,25.06999969482422,25.6299991607666,94626700
2021-06-04,25.969999313354492,26.010000228881836,25.510000228881836,25.719999313354492,105392300
2021-06-11,24.049999237060547,26.209999084472656,23.889999389648438,26.139999389648438,180705200
2021-06-18,24.040000915527344,24.3799991607666,23.84000015258789,24.09000015258789,110721900
2021-06-25,24.110000610351562,24.360000610351562,23.75,24.329999923706055,79204200
2021-07-02,24.010000228881836,24.690000534057617,23.920000076293945,24.479999542236328,92413000
2021-07-09,24.3799991607666,24.530000686645508,24.049999237060547,24.06999969482422,82335000
2021-07-16,23.559999465942383,24.229999542236328,23.0,24.15999984741211,125747900
2021-07-23,23.719999313354492,23.90999984741211,22.690000534057617,23.350000381469727,100807500
2021-07-30,23.299999237060547,24.06999969482422,23.239999771118164,23.670000076293945,78051400
2021-08-06,21.5,22.690000534057617,21.31999969482422,22.670000076293945,130888200
2021-08-13,21.510000228881836,22.149999618530273,21.43000030517578,21.760000228881836,87339500
2021-08-20,21.850000381469727,22.200000762939453,21.200000762939453,21.450000762939453,82694800
2021-08-27,22.139999389648438,22.479999542236328,21.6200008392334,21.709999084472656,102352100
2021-09-03,22.270000457763672,23.040000915527344,22.139999389648438,22.600000381469727,93098200
2021-09-10,21.25,22.3799991607666,20.93000030517578,22.309999465942383,121378700
2021-09-17,20.90999984741211,21.440000534057617,20.520000457763672,20.989999771118164,161643400
2021-09-24,20.520000457763672,21.15999984741211,19.829999923706055,20.510000228881836,187676500
2021-10-01,20.899999618530273,21.100000381469727,20.649999618530273,20.809999465942383,118636400
2021-10-08,21.799999237060547,21.84000015258789,20.799999237060547,21.389999389648438,138483000
2021-10-15,22.350000381469727,22.610000610351562,21.299999237060547,21.59000015258789,126246700
2021-10-22,22.270000457763672,22.979999542236328,22.100000381469727,22.59000015258789,107330000
2021-10-29,22.0,22.309999465942383,21.309999465942383,22.06999969482422,126365700
2021-11-05,23.350000381469727,23.3799991607666,22.030000686645508,22.25,127166800
2021-11-12,22.959999084472656,23.5,22.90999984741211,23.18000030517578,94552100
2021-11-19,21.790000915527344,23.1200008392334,21.530000686645508,23.0,103267500
2021-11-26,20.690000534057617,21.790000915527344,20.520000457763672,21.790000915527344,142481700
2021-12-03,20.299999237060547,20.90999984741211,20.270000457763672,20.709999084472656,97634500
2021-12-10,20.790000915527344,20.84000015258789,19.799999237060547,20.520000457763672,125097400
2021-12-17,21.15999984741211,21.209999084472656,20.520000457763672,20.850000381469727,73332700
2021-12-24,21.34000015258789,21.510000228881836,20.889999389648438,21.190000534057617,53413300
2021-12-31,20.510000228881836,21.59000015258789,20.350000381469727,21.5,96341500
2022-01-07,21.329999923706055,21.479999542236328,20.3700008392334,20.520000457763672,113008700
2022-01-14,22.6200008392334,22.84000015258789,21.100000381469727,21.239999771118164,144363600
2022-01-21,21.020000457763672,22.709999084472656,20.8700008392334,22.690000534057617,196758500
2022-01-28,20.709999084472656,21.25,20.34000015258789,20.780000686645508,132325300
2022-02-04,21.420000076293945,21.920000076293945,20.65999984741211,20.65999984741211,117842300
2022-02-11,22.040000915527344,22.1299991607666,21.280000686645508,21.299999237060547,160987200
2022-02-18,22.309999465942383,23.399999618530273,22.030000686645508,22.149999618530273,182753700
2022-02-25,23.290000915527344,23.610000610351562,22.059999465942383,22.18000030517578,241149200
2022-03-04,24.010000228881836,24.899999618530273,23.350000381469727,23.389999389648438,323313000
2022-03-11,23.329999923706055,24.030000686645508,22.600000381469727,23.75,145769100
2022-03-18,23.610000610351562,23.889999389648438,22.700000762939453,23.1299991607666,122981900
2022-03-25,22.8799991607666,23.56999969482422,22.209999084472656,23.479999542236328,122881600
2022-04-01,22.700000762939453,23.040000915527344,22.360000610351562,22.59000015258789,190651000
2022-04-08,23.639999389648438,23.860000610351562,22.559999465942383,22.56999969482422,175904800
2022-04-15,22.790000915527344,24.15999984741211,22.549999237060547,24.040000915527344,142186600
2022-04-22,21.420000076293945,22.530000686645508,21.190000534057617,22.360000610351562,161230400
2022-04-29,20.780000686645508,21.440000534057617,20.420000076293945,21.31999969482422,192803300
2022-05-06,19.1200008392334,20.850000381469727,19.020000457763672,20.709999084472656,198022300
2022-05-13,20.270000457763672,20.299999237060547,19.010000228881836,19.059999465942383,139667000
2022-05-20,20.309999465942383,20.5,19.940000534057617,20.15999984741211,92223900
2022-05-27,20.59000015258789,20.649999618530273,19.84000015258789,20.6200008392334,99557400
2022-06-03,19.969999313354492,20.639999389648438,19.8799991607666,20.530000686645508,96381800
2022-06-10,20.239999771118164,20.299999237060547,19.280000686645508,19.790000915527344,171881500
2022-06-17,19.3700008392334,20.25,19.290000915527344,20.100000381469727,90780000
2022-06-24,18.639999389648438,19.700000762939453,18.639999389648438,19.270000457763672,99306900
2022-07-01,17.75,18.3799991607666,17.479999542236328,18.100000381469727,123217200
2022-07-08,17.0,17.940000534057617,16.729999542236328,17.799999237060547,112916000
2022-07-15,17.399999618530273,17.6200008392334,16.989999771118164,17.149999618530273,105103700
2022-07-22,18.43000030517578,18.440000534057617,16.8799991607666,17.280000686645508,147774600
2022-07-29,18.639999389648438,18.850000381469727,18.299999237060547,18.43000030517578,99795200
2022-08-05,18.670000076293945,19.219999313354492,18.110000610351562,18.15999984741211,100670500
2022-08-12,18.040000915527344,19.209999084472656,17.959999084472656,18.81999969482422,101224400
2022-08-19,17.729999542236328,17.780000686645508,17.31999969482422,17.760000228881836,94644700
2022-08-26,16.3799991607666,17.90999984741211,16.190000534057617,17.81999969482422,96791700
2022-09-02,17.030000686645508,17.1299991607666,16.479999542236328,16.6299991607666,55251400
2022-09-09,17.6299991607666,18.43000030517578,17.110000610351562,17.1299991607666,94554100
2022-09-16,18.09000015258789,18.360000610351562,17.450000762939453,17.56999969482422,97636100
2022-09-23,17.3700008392334,17.649999618530273,16.8700008392334,17.639999389648438,100417200
2022-09-30,19.040000915527344,19.559999465942383,17.399999618530273,17.40999984741211,112371700
2022-10-07,17.389999389648438,18.8799991607666,17.040000915527344,18.790000915527344,114344300
2022-10-14,17.170000076293945,17.5,16.65999984741211,17.18000030517578,81357900
2022-10-21,17.979999542236328,18.1200008392334,17.1299991607666,17.209999084472656,86692000
2022-10-28,17.940000534057617,18.489999771118164,17.40999984741211,17.700000762939453,84749100
2022-11-04,19.969999313354492,20.06999969482422,18.670000076293945,18.739999771118164,118409300
2022-11-11,19.290000915527344,20.329999923706055,19.1299991607666,19.760000228881836,74006600
2022-11-18,19.809999465942383,19.8799991607666,19.020000457763672,19.309999465942383,48697600
2022-11-25,20.979999542236328,20.979999542236328,19.200000762939453,19.59000015258789,90758700
2022-12-02,21.209999084472656,21.389999389648438,20.270000457763672,20.729999542236328,104564100
2022-12-09,21.239999771118164,22.200000762939453,21.149999618530273,21.450000762939453,108118100
2022-12-16,21.690000534057617,22.31999969482422,21.010000228881836,21.15999984741211,83947800
2022-12-23,21.969999313354492,22.350000381469727,21.600000381469727,21.780000686645508,46080700
2022-12-30,21.389999389648438,22.540000915527344,21.270000457763672,21.920000076293945,66159400
2023-01-06,21.8799991607666,22.139999389648438,21.360000610351562,21.709999084472656,75022900
2023-01-13,21.959999084472656,22.399999618530273,21.549999237060547,21.8799991607666,81399500
2023-01-20,21.989999771118164,22.219999313354492,20.93000030517578,22.010000228881836,90887300
2023-01-27,21.56999969482422,22.520000457763672,21.43000030517578,21.709999084472656,80679200
2023-02-03,20.18000030517578,21.059999465942383,20.149999618530273,20.860000610351562,98652000
2023-02-10,19.84000015258789,20.450000762939453,19.709999084472656,20.40999984741211,67933900
2023-02-17,19.6299991607666,20.209999084472656,19.549999237060547,19.59000015258789,55041200
2023-02-24,19.239999771118164,19.469999313354492,18.889999389648438,19.270000457763672,89107100
2023-03-03,18.440000534057617,19.559999465942383,18.3799991607666,19.299999237060547,72211700
2023-03-10,19.920000076293945,20.440000534057617,18.75,18.889999389648438,166723600
2023-03-17,21.280000686645508,21.350000381469727,20.149999618530273,20.18000030517578,103432900
2023-03-24,21.940000534057617,21.959999084472656,21.0,21.520000457763672,65200500
2023-03-31,22.889999389648438,23.0,21.920000076293945,22.030000686645508,106046200
2023-04-07,23.739999771118164,23.860000610351562,22.719999313354492,22.81999969482422,79169200
2023-04-14,23.170000076293945,23.889999389648438,22.790000915527344,23.84000015258789,107677600
2023-04-21,22.889999389648438,23.31999969482422,22.520000457763672,23.18000030517578,90882900
2023-04-28,23.940000534057617,23.940000534057617,22.639999389648438,22.8799991607666,123361300
2023-05-05,22.200000762939453,23.65999984741211,22.170000076293945,23.3799991607666,97017300
2023-05-12,21.559999465942383,22.239999771118164,21.420000076293945,22.059999465942383,79075900
2023-05-19,20.860000610351562,22.059999465942383,20.84000015258789,21.700000762939453,82804800
2023-05-26,21.950000762939453,21.969999313354492,21.1299991607666,21.260000228881836,58805300
2023-06-02,22.299999237060547,22.360000610351562,21.43000030517578,21.969999313354492,69966800
2023-06-09,21.940000534057617,22.520000457763672,21.65999984741211,22.260000228881836,60832000
2023-06-16,20.530000686645508,22.219999313354492,20.459999084472656,22.079999923706055,71760800
2023-06-23,20.719999313354492,21.200000762939453,20.450000762939453,20.649999618530273,62194900
2023-06-30,20.829999923706055,21.350000381469727,20.56999969482422,20.649999618530273,45483400
2023-07-07,22.780000686645508,22.780000686645508,20.920000076293945,20.920000076293945,72613200
2023-07-14,22.68000030517578,23.15999984741211,22.56999969482422,22.790000915527344,69766500
2023-07-21,22.110000610351562,22.969999313354492,22.059999465942383,22.68000030517578,89012800
2023-07-28,21.6299991607666,22.790000915527344,21.579999923706055,22.260000228881836,68974800
2023-08-04,20.829999923706055,21.829999923706055,20.75,21.68000030517578,66299100
2023-08-11,20.799999237060547,21.079999923706055,20.520000457763672,20.81999969482422,59811200
2023-08-18,22.110000610351562,22.34000015258789,20.780000686645508,20.84000015258789,74720500
2023-08-25,22.389999389648438,22.940000534057617,21.93000030517578,22.110000610351562,73633400
2023-09-01,21.049999237060547,22.700000762939453,21.010000228881836,22.610000610351562,53333600
2023-09-08,20.729999542236328,21.270000457763672,20.450000762939453,21.059999465942383,67349600
2023-09-15,21.440000534057617,21.6299991607666,21.0,21.190000534057617,74153100
2023-09-22,20.739999771118164,21.75,20.530000686645508,21.649999618530273,73817300
2023-09-29,19.25,21.43000030517578,18.969999313354492,21.389999389648438,151468600
2023-10-06,19.959999084472656,20.31999969482422,19.260000228881836,19.65999984741211,90486900
2023-10-13,21.110000610351562,21.329999923706055,20.469999313354492,20.489999771118164,97844400
2023-10-20,20.850000381469727,21.719999313354492,20.56999969482422,21.15999984741211,92777900
2023-10-27,20.8700008392334,21.610000610351562,20.65999984741211,20.920000076293945,89016400
2023-11-03,20.690000534057617,21.350000381469727,20.56999969482422,21.030000686645508,80713500
2023-11-10,21.760000228881836,22.059999465942383,20.100000381469727,20.549999237060547,85709600
2023-11-17,21.670000076293945,22.0,21.3799991607666,21.790000915527344,48212500
2023-11-24,23.1299991607666,23.149999618530273,22.0,22.020000457763672,78692800
2023-12-01,21.790000915527344,23.3700008392334,21.600000381469727,23.09000015258789,110114200
2023-12-08,22.149999618530273,22.18000030517578,20.610000610351562,21.350000381469727,120201000
2023-12-15,22.309999465942383,22.420000076293945,21.65999984741211,21.979999542236328,68345300
2023-12-22,21.989999771118164,22.530000686645508,21.959999084472656,22.40999984741211,54253700
2023-12-29,21.079999923706055,21.989999771118164,20.770000457763672,21.6200008392334,64784800
2024-01-05,20.81999969482422,21.530000686645508,20.56999969482422,21.149999618530273,75611800
2024-01-12,20.809999465942383,21.540000915527344,20.540000915527344,21.389999389648438,64702500
2024-01-19,20.940000534057617,21.06999969482422,20.06999969482422,20.770000457763672,83957600
2024-01-26,21.209999084472656,21.350000381469727,20.770000457763672,20.809999465942383,81609200
2024-02-02,20.649999618530273,20.790000915527344,20.31999969482422,20.610000610351562,78495300
2024-02-09,20.940000534057617,21.079999923706055,20.110000610351562,20.559999465942383,84257100
2024-02-16,20.81999969482422,21.5,20.799999237060547,21.06999969482422,55436300
2024-02-23,20.729999542236328,21.040000915527344,20.450000762939453,20.799999237060547,58534300
2024-03-01,22.239999771118164,22.40999984741211,20.639999389648438,20.799999237060547,121792000
2024-03-08,22.729999542236328,22.940000534057617,21.969999313354492,22.229999542236328,100776800
2024-03-15,22.649999618530273,23.450000762939453,22.530000686645508,23.049999237060547,116513900
2024-03-22,22.75,22.81999969482422,22.290000915527344,22.649999618530273,87091100
2024-03-29,24.489999771118164,24.950000762939453,22.6299991607666,23.190000534057617,196498900
2024-04-05,26.010000228881836,26.079999923706055,24.389999389648438,24.489999771118164,204107000
2024-04-12,25.860000610351562,27.239999771118164,25.520000457763672,26.799999237060547,299385100
2024-04-19,25.059999465942383,26.31999969482422,24.6299991607666,25.93000030517578,155986900
2024-04-26,24.360000610351562,25.219999313354492,23.920000076293945,25.190000534057617,150927800
2024-05-03,25.860000610351562,25.8799991607666,23.8700008392334,24.209999084472656,119000300
2024-05-10,27.059999465942383,27.18000030517578,25.6200008392334,25.979999542236328,119471300
2024-05-17,27.549999237060547,29.559999465942383,27.469999313354492,27.860000610351562,230114000
2024-05-24,28.420000076293945,29.469999313354492,27.610000610351562,27.93000030517578,88509400
2024-05-31,28.530000686645508,28.860000610351562,26.84000015258789,28.770000457763672,124797300
2024-06-07,26.43000030517578,27.56999969482422,26.170000076293945,27.290000915527344,123889800
2024-06-14,28.0,28.1200008392334,26.5,26.6299991607666,75920800
2024-06-21,26.450000762939453,27.56999969482422,26.09000015258789,27.549999237060547,79355400
2024-06-28,27.84000015258789,28.010000228881836,26.540000915527344,26.8799991607666,52020000
2024-07-05,28.68000030517578,28.90999984741211,27.790000915527344,28.15999984741211,90050900
2024-07-12,27.200000762939453,28.68000030517578,27.139999389648438,28.0,96096500
2024-07-19,25.40999984741211,26.889999389648438,25.170000076293945,26.399999618530273,86551400
2024-07-26,26.030000686645508,26.559999465942383,24.93000030517578,25.389999389648438,86980100
2024-08-02,25.010000228881836,26.5,24.25,26.440000534057617,110440200
2024-08-09,25.860000610351562,26.020000457763672,24.799999237060547,25.100000381469727,74438000
2024-08-16,26.389999389648438,27.360000610351562,25.770000457763672,25.860000610351562,102295200
2024-08-23,26.809999465942383,27.459999084472656,26.530000686645508,26.709999084472656,64475400
2024-08-30,26.229999542236328,26.809999465942383,25.270000457763672,26.68000030517578,58807200
2024-09-06,27.270000457763672,27.280000686645508,25.270000457763672,26.25,75552000
2024-09-13,28.09000015258789,28.5,27.09000015258789,27.8700008392334,112854000
2024-09-20,29.260000228881836,29.459999084472656,27.93000030517578,28.399999618530273,137804600
2024-09-27,29.229999542236328,29.469999313354492,28.170000076293945,29.34000015258789,107494600
2024-10-04,28.3799991607666,30.06999969482422,27.469999313354492,29.229999542236328,137479400
2024-10-11,28.889999389648438,29.350000381469727,28.299999237060547,28.600000381469727,80643200
2024-10-18,30.690000534057617,31.799999237060547,29.420000076293945,29.469999313354492,185429400
2024-10-25,29.809999465942383,31.510000228881836,29.6200008392334,30.579999923706055,112298300
2024-11-01,29.110000610351562,30.190000534057617,28.110000610351562,30.059999465942383,101868100
2024-11-08,27.809999465942383,29.030000686645508,27.510000228881836,28.969999313354492,95969400
2024-11-15,28.040000915527344,28.530000686645508,27.5,28.040000915527344,69489200
2024-11-22,27.450000762939453,28.549999237060547,27.31999969482422,28.270000457763672,68995600
2024-11-29,28.559999465942383,28.690000534057617,27.610000610351562,27.969999313354492,73018300
2024-12-06,28.200000762939453,29.43000030517578,28.079999923706055,28.31999969482422,153050000
2024-12-13,26.520000457763672,27.90999984741211,26.190000534057617,27.84000015258789,105834700
2024-12-20,27.139999389648438,27.209999084472656,26.579999923706055,26.610000610351562,44173200
2024-12-27,26.93000030517578,26.959999084472656,26.219999313354492,26.889999389648438,48873800
2025-01-03,27.399999618530273,27.68000030517578,26.90999984741211,27.190000534057617,52008600
2025-01-10,28.040000915527344,28.200000762939453,26.8700008392334,27.93000030517578,93633300
2025-01-17,27.770000457763672,28.15999984741211,27.40999984741211,27.5,78865200
2025-01-24,28.719999313354492,28.899999618530273,27.049999237060547,27.940000534057617,119723600
2025-01-31,29.3799991607666,29.6299991607666,28.200000762939453,28.770000457763672,152410100
2025-02-07,29.459999084472656,29.739999771118164,28.81999969482422,29.56999969482422,88651700
2025-02-14,29.950000762939453,30.280000686645508,29.200000762939453,30.239999771118164,84558000
2025-02-21,28.399999618530273,30.030000686645508,28.3799991607666,30.020000457763672,78564400
2025-02-28,29.690000534057617,29.829999923706055,28.040000915527344,28.18000030517578,86356700
2025-03-07,30.739999771118164,30.899999618530273,29.059999465942383,29.389999389648438,114292000
2025-03-14,30.5,31.149999618530273,30.229999542236328,30.90999984741211,101019600
2025-03-21,31.31999969482422,31.3799991607666,29.719999313354492,30.209999084472656,101775800
2025-03-28,28.889999389648438,31.40999984741211,28.860000610351562,31.389999389648438,132810000
2025-04-04,28.280000686645508,28.420000076293945,26.56999969482422,27.959999084472656,191575400
2025-04-11,29.549999237060547,30.020000457763672,28.68000030517578,28.790000915527344,125383000
2025-04-18,30.559999465942383,30.6200008392334,29.5,29.950000762939453,91929500
2025-04-25,29.389999389648438,30.5,29.170000076293945,29.959999084472656,99538500
2025-05-02,29.459999084472656,30.239999771118164,29.040000915527344,29.6200008392334,69254100
2025-05-09,29.610000610351562,30.010000228881836,29.15999984741211,29.700000762939453,60809800
2025-05-16,30.030000686645508,30.530000686645508,29.100000381469727,29.200000762939453,69653200
2025-05-23,30.299999237060547,30.5,29.959999084472656,30.190000534057617,50771400
2025-05-30,32.45000076293945,32.779998779296875,29.780000686645508,30.1200008392334,146875500
2025-06-06,33.060001373291016,33.540000915527344,32.54999923706055,32.91999816894531,149136200
2025-06-13,33.27000045776367,33.869998931884766,32.790000915527344,33.02000045776367,85366900
2025-06-20,33.34000015258789,33.369998931884766,32.060001373291016,32.779998779296875,92569000
2025-06-27,33.5099983215332,33.54999923706055,32.529998779296875,32.560001373291016,65627700
2025-07-04,33.75,33.7599983215332,32.959999084472656,33.060001373291016,91671700
2025-07-11,34.650001525878906,35.290000915527344,34.04999923706055,34.20000076293945,173982200
2025-07-18,35.4900016784668,35.90999984741211,34.599998474121094,34.790000915527344,105423700
2025-07-25,33.31999969482422,35.38999938964844,33.099998474121094,35.279998779296875,102987400
2025-08-01,34.7599983215332,34.9900016784668,33.38999938964844,33.7599983215332,73707900
2025-08-08,34.5,35.040000915527344,34.11000061035156,34.779998779296875,67638700
2025-08-15,34.61000061035156,34.689998626708984,33.849998474121094,34.34000015258789,62866700
2025-08-22,35.52000045776367,35.52000045776367,34.400001525878906,34.459999084472656,81289600
2025-08-29,36.93000030517578,37.63999938964844,35.31999969482422,35.349998474121094,137377900
2025-09-05,37.790000915527344,37.91999816894531,36.970001220703125,37.40999984741211,111251500
2025-09-12,37.9900016784668,39.0099983215332,37.349998474121094,38.2400016784668,111781800
2025-09-19,41.029998779296875,41.060001373291016,38.189998626708984,38.2599983215332,165253300
2025-09-26,42.529998779296875,43.59000015258789,41.09000015258789,41.22999954223633,223337100
2025-10-03,44.709999084472656,46.349998474121094,42.810001373291016,43.33000183105469,294564000
2025-10-10,49.16999816894531,49.25,44.880001068115234,45.47999954223633,273194800
2025-10-17,47.720001220703125,48.59000015258789,45.880001068115234,48.459999084472656,158049028
